"fundamental_hz","harmonic","target_frequency_hz","frames","true_relative_deg","measured_error_deg","circular_stddev_deg","resultant"
"10000.0","2","20000.0","20","87","-0.0474999998105723","0.019202864416728246","0.9999999438361645"
"10000.0","3","30000.0","20","124","-0.244499999780942","0.022017038932895337","0.9999999261683551"
"10000.0","4","40000.0","20","161","-0.208499996510589","0.07329904678074994","0.9999991816836743"
"10000.0","5","50000.0","20","-162","-0.359000030660404","0.10783784873709382","0.9999982288033344"
"10000.0","6","60000.0","50","-125.0","-0.4501999913914559","0.22502004617354215","0.9999922880272948"
"10000.0","7","70000.0","20","-88","-0.797000007586334","0.19611480443964593","0.9999941420693503"
"10000.0","8","80000.0","20","-51","-1.28649980138478","0.16710104689817917","0.9999957471295103"
"10000.0","9","90000.0","20","-14","-1.63049988214266","0.15755874897678612","0.9999962189800736"
"10000.0","10","100000.0","50","23.0","-1.5911996853222619","0.38951139314657107","0.9999768921227367"
"20000.0","2","40000.0","20","87","-0.368999998701408","0.06131068715892967","0.9999994274716686"
"20000.0","3","60000.0","50","124.0","-0.27519999622982344","0.06957701328026394","0.9999992626797812"
"20000.0","4","80000.0","20","161","-0.651000080478575","0.30808995458574306","0.9999855430500809"
"20000.0","5","100000.0","20","-162","-1.13100009614652","0.2778295213093159","0.9999882434751031"
"20000.0","6","120000.0","50","-125.0","-1.6860000536200304","0.12310972572377879","0.9999976916111615"
"20000.0","7","140000.0","50","-88.0","-2.5998000643052817","0.2623625045414195","0.9999895160244586"
"20000.0","8","160000.0","20","-51","-3.71600004623737","0.15822138989101728","0.9999961871097738"
"20000.0","9","180000.0","20","-14","-4.81650016276713","0.18757071143112777","0.9999946413717762"
"20000.0","10","200000.0","20","23","-5.97699959105911","0.27768861562461583","0.9999882553970283"
"30000.0","2","60000.0","20","87","-0.331499996365949","0.05993955682400712","0.9999994527929603"
"30000.0","3","90000.0","50","124.0","-0.8153999943802055","0.08868394245878615","0.9999988021168322"
"30000.0","4","120000.0","20","161","-1.43400000439927","0.06343500926392719","0.9999993871098782"
"30000.0","5","150000.0","50","-162.0","-2.821599970804412","0.14371306147068266","0.9999968543055315"
"30000.0","6","180000.0","20","-125","-4.21249988384033","0.19039116982440812","0.9999944790076511"
"30000.0","7","210000.0","20","-88","-6.09749975672836","0.22653662309614794","0.9999921837239893"
"30000.0","8","240000.0","20","-51","-8.26449999906507","0.06696827920854324","0.9999993169336826"
"30000.0","9","270000.0","20","-14","-10.9599999925064","0.07829432033485999","0.9999990663479533"
"30000.0","10","300000.0","20","23","-14.7924999916297","0.11013060579587373","0.9999981526873905"
"40000.0","2","80000.0","10","87","-0.469999962196948","0.12132602451062782","0.9999977580176603"
"40000.0","3","120000.0","10","124","-1.49600000834285","0.09738584224987526","0.9999985555048928"
"40000.0","4","160000.0","10","161","-3.05999999061776","0.08087027146124971","0.9999990039014106"
"40000.0","5","200000.0","10","-162","-5.09399998384673","0.08811357448616958","0.9999988174755696"
"40000.0","6","240000.0","10","-125","-7.84599993248078","0.23580511102065574","0.999991531054683"
"40000.0","7","280000.0","10","-88","-11.5729997148712","0.29031183602547245","0.9999871633577788"
"40000.0","8","320000.0","10","-51","-16.7010004654533","0.21309389059322936","0.9999930838367637"
"40000.0","9","360000.0","10","-14","-24.3710002258067","0.16609938684342973","0.9999957979628703"
"40000.0","10","400000.0","50","23.0","-36.32160008260059","0.18876827206716834","0.9999945727283239"
"50000.0","2","100000.0","10","87","-0.809000307211296","0.18441535065306253","0.9999948201432175"
"50000.0","3","150000.0","10","124","-2.37200003480076","0.15025318281188793","0.9999965614815917"
"50000.0","4","200000.0","10","161","-4.71900032725571","0.2181950159849076","0.999992748751021"
"50000.0","5","250000.0","50","-162.0","-8.273799965624852","0.13754838965817168","0.999997118390453"
"50000.0","6","300000.0","10","-125","-13.6009999680541","0.08537563071990091","0.9999988898226856"
"50000.0","7","350000.0","10","-88","-21.8269997818888","0.1504692347158481","0.9999965515858774"
"50000.0","8","400000.0","10","-51","-35.2889999574029","0.1063437901616837","0.9999982775420234"
"50000.0","9","450000.0","10","-14","-55.4439999400914","0.11155268711549479","0.9999981046719052"
"50000.0","10","500000.0","50","23.0","-93.75359981651408","0.3255629161032058","0.999983856745492"
"60000.0","2","120000.0","10","87","-1.05900000002195","0.0330000007809782","0.9999998341358208"
"60000.0","3","180000.0","10","124","-3.57600000668575","0.06560488268006484","0.9999993444634313"
"60000.0","4","240000.0","10","161","-7.19599999494578","0.06726068900506826","0.9999993109555904"
"60000.0","5","300000.0","10","-162","-13.0689999969971","0.04846648431322372","0.999999642226889"
"60000.0","6","360000.0","10","-125","-23.5349998607744","0.1355175309473907","0.999997202854273"
"60000.0","7","420000.0","10","-88","-41.8079998446741","0.1433038835629958","0.9999968721927616"
"60000.0","8","480000.0","10","-51","-73.9870000552955","0.12116519981661349","0.99999776395747"
"70000.0","2","140000.0","10","87","-1.65700000095772","0.040012498609524355","0.9999997561537783"
"70000.0","3","210000.0","10","124","-5.00899999958328","0.031128765039792464","0.999999852412869"
"70000.0","4","280000.0","10","161","-10.3340000003753","0.027276363655039968","0.9999998866823241"
"70000.0","5","350000.0","10","-162","-20.7799999999086","0.034641016935759016","0.9999998172295566"
"70000.0","6","420000.0","10","-125","-41.1030000033647","0.057105167397278916","0.9999995033213985"
"70000.0","7","490000.0","10","-88","-81.5190000008718","0.05393514769420761","0.9999995569340372"
"80000.0","2","160000.0","10","87","-2.06700007518388","0.1001049238453299","0.999998473716226"
"80000.0","3","240000.0","10","124","-6.54300015405926","0.1283004111202404","0.9999974928501557"
"80000.0","4","320000.0","10","161","-15.0810000421128","0.09964438047359363","0.999998487727573"
"80000.0","5","400000.0","10","-162","-33.6110001027776","0.15693635748742818","0.9999962487927277"
"80000.0","6","480000.0","10","-125","-72.4500000399353","0.1317573745110349","0.9999973559234179"
"90000.0","2","180000.0","10","87","-2.69599999997807","0.01624807685739938","0.9999999597905012"
"90000.0","3","270000.0","10","124","-8.69599999920435","0.028000000156121165","0.9999998805899772"
"90000.0","4","360000.0","10","161","-22.0729999980309","0.0438292135693147","0.9999997074150169"
"90000.0","5","450000.0","10","-162","-52.9519999937748","0.04995998279708914","0.9999996198375505"
"100000.0","2","200000.0","10","87","-3.46200000499694","0.10740578290887602","0.9999982429679308"
"100000.0","3","300000.0","10","124","-11.5250000087121","0.11960352448779864","0.9999978212258109"
"100000.0","4","400000.0","10","161","-32.4079998838417","0.19353561936889913","0.9999942951357573"
"100000.0","5","500000.0","10","-162","-90.2780000541233","0.13249908365295596","0.9999973260707722"
"110000.0","2","220000.0","10","87","-4.29500000042646","0.029410882589914946","0.9999998682529724"
"110000.0","3","330000.0","10","124","-15.3969999996753","0.01846618527014275","0.9999999480627315"
"110000.0","4","440000.0","10","161","-47.0929999993256","0.03195309120822055","0.9999998444928135"
"120000.0","2","240000.0","10","87","-5.03800000053491","0.031240998573378736","0.9999998513467114"
"120000.0","3","360000.0","10","124","-20.3509999956403","0.08005624148106542","0.9999990238536806"
"120000.0","4","480000.0","10","161","-69.4449999766054","0.0838152791055983","0.9999989300317313"
"130000.0","2","260000.0","10","87","-6.16","0.010954451140634126","0.999999981722955"
"130000.0","3","390000.0","10","124","-27.49","0.011832159575249666","0.9999999786767808"
"140000.0","2","280000.0","10","87","-7.37199999971487","0.03994996986516101","0.9999997569153145"
"140000.0","3","420000.0","10","124","-36.7969999994316","0.044056782578866374","0.9999997043688239"
"150000.0","2","300000.0","10","87","-8.96700000131107","0.03100000009727226","0.9999998536313396"
"150000.0","3","450000.0","10","124","-48.578000003971","0.05653317882979063","0.9999995132214347"
"160000.0","2","320000.0","10","87","-10.9580000018813","0.04069398076763836","0.9999997477767975"
"160000.0","3","480000.0","10","124","-66.1099999826368","0.10188230225740212","0.9999984190363059"
"170000.0","2","340000.0","10","87","-13.5189999997935","0.019723082967536793","0.9999999407519133"
"180000.0","2","360000.0","10","87","-16.7729999999165","0.019519221388097214","0.9999999419703827"
"190000.0","2","380000.0","10","87","-20.5880000001145","0.01248999595059631","0.9999999762398417"
"200000.0","2","400000.0","10","87","-25.8510002665584","0.21621505960720624","0.999992879752781"
"210000.0","2","420000.0","10","87","-31.5949999998629","0.019104973252000158","0.999999944407322"
"220000.0","2","440000.0","10","87","-38.4699999999086","0.013416407856887328","0.9999999725844326"
"230000.0","2","460000.0","10","87","-47.2020000000012","0.01833030281929979","0.9999999488242746"
"240000.0","2","480000.0","10","87","-59.1920000038028","0.07560424167681831","0.9999991294035862"
"250000.0","2","500000.0","10","87","-77.2040001367961","0.3273597146951219","0.9999836780643127"
