frequency_hz,vpp_mv,frames,codes_mean,codes_median,codes_stddev,measured_frequency_mean_hz
10000.0,50.0,10,1565.1637,1565.304,1.1430143524907728,10000.0
10000.0,100.0,10,3142.6448,3142.676,0.3086213861676359,10000.0
10000.0,150.0,10,4710.0857000000005,4710.0195,0.4394219043241498,10000.0
10000.0,200.0,10,6284.6636,6284.6815,0.17224703190475932,10000.0
10000.0,250.0,10,7862.3747,7862.358,0.45484899692085173,10000.0
20000.0,50.0,10,1581.8767,1582.0375,0.4368716172973512,20000.0
20000.0,100.0,10,3155.5675,3155.7025,0.4442286010603094,20000.0
20000.0,150.0,10,4719.9146,4719.995,0.44435755872949034,20000.0
20000.0,200.0,10,6287.5007,6287.5135,0.32660068891528343,20000.0
20000.0,250.0,10,7857.6586,7857.7705000000005,0.35266817264957623,20000.0
30000.0,50.0,10,1587.1437,1587.114,0.11278213511008589,30000.0
30000.0,100.0,10,3149.6693,3149.6605,0.20705991886413821,30000.0
30000.0,150.0,10,4709.0617,4709.021000000001,0.353342907103105,30000.0
30000.0,200.0,10,6272.7046,6272.7585,0.1838788731748055,30000.0
30000.0,250.0,10,7856.539,7855.821,1.363532324516028,30000.0
40000.0,50.0,10,1583.9155999999998,1583.876,0.3765339825301092,40000.0
40000.0,100.0,10,3137.459,3137.3145000000004,0.4498713149334754,40000.0
40000.0,150.0,10,4716.1306,4716.5869999999995,1.5599459093188195,40000.0
40000.0,200.0,10,6287.2468,6287.559499999999,0.8877922955286596,40000.0
40000.0,250.0,10,7855.0618,7854.8665,1.6559078959893911,40000.0
50000.0,50.0,10,1576.7486000000001,1576.5994999999998,0.6229346996274775,50000.0
50000.0,100.0,10,3146.1476000000002,3147.0460000000003,5.167579998413165,50000.0
50000.0,150.0,10,4713.7859,4713.923,2.672363427754494,50000.0
50000.0,200.0,10,6297.0151,6297.1630000000005,1.6092938482451908,50000.0
50000.0,250.0,10,7868.7687000000005,7869.6295,6.421269999774206,50000.0
60000.0,50.0,10,1566.2444,1566.224,0.21878903080368067,60000.0
60000.0,100.0,10,3142.9024,3142.9365,0.5160552683580503,60000.0
60000.0,150.0,10,4728.2248,4728.323,0.7778098482276817,60000.0
60000.0,200.0,10,6301.2481,6301.456,0.8773564213021591,60000.0
60000.0,250.0,10,7878.7336,7878.683,0.7468061595889285,60000.0
70000.0,50.0,10,1577.3211,1577.3625,0.2428091637479652,70000.0
70000.0,100.0,10,3153.0969,3153.1045,0.2311793459632956,70000.0
70000.0,150.0,10,4731.6702,4731.612999999999,0.3947482235551295,70000.0
70000.0,200.0,10,6305.648999999999,6305.6355,0.2927005295519929,70000.0
70000.0,250.0,10,7882.789699999999,7882.735000000001,0.2508633293250512,70000.0
80000.0,50.0,10,1577.5444,1577.6105,0.8442022506485473,80000.0
80000.0,100.0,10,3153.2576999999997,3153.2055,1.2053085123734215,80000.0
80000.0,150.0,10,4737.371499999999,4737.5555,2.018167250254525,80000.0
80000.0,200.0,10,6315.7447,6315.851500000001,0.4045919055048467,80000.0
80000.0,250.0,10,7894.600200000001,7894.7075,0.5981880640735402,80000.0
90000.0,50.0,10,1573.6066,1573.5445,0.266847222207785,90000.0
90000.0,100.0,10,3153.9921999999997,3154.0035,0.2232020609223465,90000.0
90000.0,150.0,10,4742.659900000001,4742.677,0.15534828611869714,90000.0
90000.0,200.0,10,6323.2472,6323.42,0.43070727878692583,90000.0
90000.0,250.0,10,7902.5,7903.021000000001,1.4962874055475008,90000.0
100000.0,50.0,10,1585.2622,1584.9465,1.6417441213538624,100000.0
100000.0,100.0,10,3160.3962,3160.83,2.955032412681788,100000.0
100000.0,150.0,10,4748.9907,4749.710999999999,3.6123568220760065,100000.0
100000.0,200.0,10,6328.063700000001,6327.6475,1.4906760915771526,100000.0
100000.0,250.0,10,7907.283100000001,7907.142,1.7661385817652762,100000.0
110000.0,50.0,10,1581.8304,1581.933,0.3057790705721748,110000.0
110000.0,100.0,10,3164.1768,3164.1684999999998,0.20969349059997874,110000.0
110000.0,150.0,10,4753.0214,4753.0105,0.2582375650444423,110000.0
110000.0,200.0,10,6334.989,6334.8835,0.4503281026097594,110000.0
110000.0,250.0,10,7916.8526,7916.851000000001,0.35780866395318445,110000.0
120000.0,50.0,10,1586.1821,1586.0529999999999,0.8258890300760542,120000.0
120000.0,100.0,10,3164.6146,3164.4115,0.649373421076019,120000.0
120000.0,150.0,10,4755.2074,4755.4365,1.1026410295286728,120000.0
120000.0,200.0,10,6339.2003,6339.2245,0.7692618604869006,120000.0
120000.0,250.0,10,7916.572900000001,7916.529500000001,0.6153026003521581,120000.0
130000.0,50.0,10,1584.5157,1584.5635,0.23041312896621663,130000.0
130000.0,100.0,10,3161.4402,3161.411,0.1941802255636912,130000.0
130000.0,150.0,10,4758.2164,4758.1445,0.39080000000012327,130000.0
130000.0,200.0,10,6337.4499000000005,6337.3855,0.27677552276173817,130000.0
130000.0,250.0,10,7919.9845000000005,7919.975,0.2833214605355558,130000.0
140000.0,50.0,10,1591.0076999999999,1591.116,0.6013809192184333,140000.0
140000.0,100.0,10,3162.2397,3162.5564999999997,0.8987430166626375,140000.0
140000.0,150.0,10,4758.3752,4758.371499999999,1.0056327162537562,140000.0
140000.0,200.0,10,6335.884599999999,6336.0605,0.6077065410212419,140000.0
140000.0,250.0,10,7921.493799999999,7921.5895,0.781708104089871,140000.0
150000.0,50.0,10,1588.1311,1587.3675,2.857571852115022,150000.0
150000.0,100.0,10,3162.063,3161.124,2.0883684061965857,150000.0
150000.0,150.0,10,4755.6196,4755.603499999999,1.0153515844277428,150000.0
150000.0,200.0,10,6336.3151,6336.09,0.9162910509220746,150000.0
150000.0,250.0,10,7917.1347,7917.6005000000005,1.4723035726369438,150000.0
160000.0,50.0,10,1586.5997,1586.5985,0.47662229280633683,160000.0
160000.0,100.0,10,3163.2490000000003,3163.2219999999998,0.7256787167886634,160000.0
160000.0,150.0,10,4751.0953,4751.2095,0.6437589688695834,160000.0
160000.0,200.0,10,6331.6731,6331.698,0.6676820276149423,160000.0
160000.0,250.0,10,7911.0771,7910.978499999999,0.3587206294598257,160000.0
170000.0,50.0,10,1582.7487,1582.7505,0.16778739523575528,170000.0
170000.0,100.0,10,3157.5072,3157.553,0.1518774505975686,170000.0
170000.0,150.0,10,4749.257,4749.2175,0.3021675032161934,170000.0
170000.0,200.0,10,6322.3659,6322.1755,0.5589034710930604,170000.0
170000.0,250.0,10,7901.9274000000005,7901.9105,0.43476434996447677,170000.0
180000.0,50.0,10,1577.0407,1577.009,0.4731566442521367,180000.0
180000.0,100.0,10,3151.7961999999998,3151.5995000000003,0.49130739868226614,180000.0
180000.0,150.0,10,4741.864,4741.899,0.4325355476721876,180000.0
180000.0,200.0,10,6316.1412,6316.469,0.8221284327887716,180000.0
180000.0,250.0,10,7892.2426,7892.268,0.4685260291596319,180000.0
190000.0,50.0,10,1580.4576000000002,1580.4630000000002,0.32128809501752964,190000.0
190000.0,100.0,10,3145.8819,3145.759,0.37976478246412804,190000.0
190000.0,150.0,10,4735.038,4735.118,0.4097130703309201,190000.0
190000.0,200.0,10,6304.965999999999,6304.8775000000005,0.28908718408117107,190000.0
190000.0,250.0,10,7880.7814,7880.753500000001,0.39545523134740423,190000.0
200000.0,50.0,10,1577.3136,1578.0140000000001,5.139701143062725,200000.0
200000.0,100.0,10,3141.2259000000004,3142.0240000000003,4.156287296373997,200000.0
200000.0,150.0,10,4727.9504,4728.529500000001,2.7962932321199783,200000.0
200000.0,200.0,10,6296.8147,6297.533,2.5941199683129597,200000.0
200000.0,250.0,10,7866.4938999999995,7865.92,2.0472225306496283,200000.0
210000.0,50.0,10,1572.3079,1572.219,0.3112302845161663,210000.0
210000.0,100.0,10,3136.564,3136.621,0.30154634801304264,210000.0
210000.0,150.0,10,4717.5078,4717.6785,0.6922811278663498,210000.0
210000.0,200.0,10,6282.1954,6282.1945,0.27748700870497556,210000.0
210000.0,250.0,10,7849.683800000001,7849.620000000001,0.31463273828388816,210000.0
220000.0,50.0,10,1569.6511999999998,1569.6775,0.1902323842041552,220000.0
220000.0,100.0,10,3130.0425,3130.2385,0.440534050897304,220000.0
220000.0,150.0,10,4707.604,4707.6835,0.4196036224820807,220000.0
220000.0,200.0,10,6267.7792,6267.7735,0.5707911702189187,220000.0
220000.0,250.0,10,7833.1389,7833.0755,0.29858313750105114,220000.0
230000.0,50.0,10,1565.5192000000002,1565.5405,0.1629489490607332,230000.0
230000.0,100.0,10,3120.2025999999996,3120.2200000000003,0.2922157422179896,230000.0
230000.0,150.0,10,4696.8383,4696.906,0.4401422610929789,230000.0
230000.0,200.0,10,6254.3923,6254.3805,0.39438256807320765,230000.0
230000.0,250.0,10,7815.0622,7815.0935,0.35150413937813757,230000.0
240000.0,50.0,10,1565.2459,1565.277,0.39059991039425096,240000.0
240000.0,100.0,10,3113.0667999999996,3113.1495,0.3334323919477132,240000.0
240000.0,150.0,10,4687.4205999999995,4687.407499999999,0.6481680646252842,240000.0
240000.0,200.0,10,6241.3134,6241.168,0.40272129320413913,240000.0
240000.0,250.0,10,7797.0054,7797.023,0.4652268693873934,240000.0
250000.0,50.0,10,1559.1741,1559.6895,5.285308930422185,250000.0
250000.0,100.0,10,3110.1842,3110.018,3.100663083922509,250000.0
250000.0,150.0,10,4675.4944000000005,4675.493,4.385375108243356,250000.0
250000.0,200.0,10,6226.8959,6227.5105,3.262539208959698,250000.0
250000.0,250.0,10,7781.271000000001,7782.054,2.585941724014553,250000.0
260000.0,50.0,10,1554.115,1554.118,0.15216044163970582,260000.0
260000.0,100.0,10,3101.4263,3101.5005,0.2975278306310208,260000.0
260000.0,150.0,10,4667.3472,4667.346,0.16251326099746194,260000.0
260000.0,200.0,10,6216.8485,6216.9259999999995,0.2720802271390842,260000.0
260000.0,250.0,10,7767.133400000001,7767.134,0.19832256553399083,260000.0
270000.0,50.0,10,1553.3118,1553.2015000000001,0.26036658771815796,270000.0
270000.0,100.0,10,3096.7653,3096.7264999999998,0.20009900049721163,270000.0
270000.0,150.0,10,4660.4879,4660.517,0.27031812739800914,270000.0
270000.0,200.0,10,6207.7423,6207.7465,0.322702045236753,270000.0
270000.0,250.0,10,7753.6661,7753.6115,0.3151258320101315,270000.0
280000.0,50.0,10,1549.0127,1548.8045,0.7906899582010543,280000.0
280000.0,100.0,10,3095.2938000000004,3095.3475,0.43494040971150727,280000.0
280000.0,150.0,10,4656.3360999999995,4656.398499999999,0.43009986049745885,280000.0
280000.0,200.0,10,6196.783600000001,6196.5470000000005,0.4621816093268307,280000.0
280000.0,250.0,10,7745.5126,7745.5535,0.21587274028940118,280000.0
290000.0,50.0,10,1550.667,1550.6570000000002,0.28880858712990654,290000.0
290000.0,100.0,10,3089.5175,3089.492,0.23675778762266847,290000.0
290000.0,150.0,10,4651.4185,4651.4405,0.2657586310921501,290000.0
290000.0,200.0,10,6191.9192,6191.9365,0.16434950562754638,290000.0
290000.0,250.0,10,7735.921799999999,7735.954,0.21450678310943183,290000.0
300000.0,50.0,10,1551.7372,1552.6109999999999,1.592619967223797,300000.0
300000.0,100.0,10,3091.1074,3090.6985,2.222732966417593,300000.0
300000.0,150.0,10,4647.5936,4646.8330000000005,1.5927839903766086,300000.0
300000.0,200.0,10,6189.8189,6189.316500000001,1.4397503568325967,300000.0
300000.0,250.0,10,7733.030400000001,7733.237999999999,1.8021846853194516,300000.0
310000.0,50.0,10,1546.3391,1546.385,0.2134537186370638,310000.0
310000.0,100.0,10,3088.2541,3088.3165,0.3139412206130515,310000.0
310000.0,150.0,10,4647.1479,4647.1625,0.4115797492588387,310000.0
310000.0,200.0,10,6186.4106,6186.388,0.2543635980244709,310000.0
310000.0,250.0,10,7730.2022,7730.2855,0.27440583084191206,310000.0
320000.0,50.0,10,1548.2938,1548.257,0.7405530095813377,320000.0
320000.0,100.0,10,3088.1934,3088.292,0.41146207601674817,320000.0
320000.0,150.0,10,4649.5343,4649.674999999999,0.4827933408818823,320000.0
320000.0,200.0,10,6188.3083,6188.286,0.3057414103454172,320000.0
320000.0,250.0,10,7732.2155,7732.2065,0.27791770364621843,320000.0
330000.0,50.0,10,1550.9897999999998,1550.9885,0.08041989803522359,330000.0
330000.0,100.0,10,3090.5811999999996,3090.629,0.3503158003858839,330000.0
330000.0,150.0,10,4650.275,4650.2935,0.2376270186656992,330000.0
330000.0,200.0,10,6192.9581,6192.989,0.22925245909259537,330000.0
330000.0,250.0,10,7734.4274000000005,7734.413500000001,0.2515441114396776,330000.0
340000.0,50.0,10,1552.0394000000001,1551.9875,0.4144208488963445,340000.0
340000.0,100.0,10,3088.7631,3088.723,0.31904277142727777,340000.0
340000.0,150.0,10,4652.3793000000005,4652.596,0.5592182132226943,340000.0
340000.0,200.0,10,6195.08,6195.004,0.285300192779495,340000.0
340000.0,250.0,10,7737.7979,7737.9375,0.5861387975556778,340000.0
350000.0,50.0,10,1552.3573000000001,1552.341,0.9233104624122639,350000.0
350000.0,100.0,10,3093.0397000000003,3093.5415000000003,1.5231668359046717,350000.0
350000.0,150.0,10,4654.2721,4654.775,1.4904597579270331,350000.0
350000.0,200.0,10,6196.0145,6196.1255,0.6917640132301238,350000.0
350000.0,250.0,10,7741.4913,7741.602,1.3913246961079861,350000.0
360000.0,50.0,10,1554.6891,1554.6154999999999,0.31348539040921636,360000.0
360000.0,100.0,10,3093.3851,3093.5335,0.390531291960053,360000.0
360000.0,150.0,10,4655.0259,4655.045,0.4602819679283089,360000.0
360000.0,200.0,10,6198.2508,6198.506,0.5148144908606683,360000.0
360000.0,250.0,10,7741.905499999999,7741.975,0.3615221293363576,360000.0
370000.0,50.0,10,1551.478,1551.4485,0.3728168451129749,370000.0
370000.0,100.0,10,3093.9211,3093.9075000000003,0.24886038254411808,370000.0
370000.0,150.0,10,4654.779,4654.833500000001,0.2768447218206603,370000.0
370000.0,200.0,10,6195.053,6195.016,0.21221592777166834,370000.0
370000.0,250.0,10,7740.448200000001,7740.4345,0.2605888715966175,370000.0
380000.0,50.0,10,1548.7456,1548.7620000000002,0.23723245983631938,380000.0
380000.0,100.0,10,3088.1816,3088.201,0.12850929927441593,380000.0
380000.0,150.0,10,4647.8687,4647.754,0.42432771533326563,380000.0
380000.0,200.0,10,6191.852199999999,6191.903,0.17148982477123326,380000.0
380000.0,250.0,10,7732.5754,7732.457,0.45728769937542985,380000.0
390000.0,50.0,10,1550.5763000000002,1550.5525,0.15128783824220463,390000.0
390000.0,100.0,10,3081.7742,3081.7,0.22799640348042755,390000.0
390000.0,150.0,10,4639.8212,4639.7935,0.49854965650377553,390000.0
390000.0,200.0,10,6180.6214,6180.615,0.24830875941063915,390000.0
390000.0,250.0,10,7718.3146,7718.3555,0.30085052767115417,390000.0
400000.0,50.0,10,1543.7235,1543.958,0.981502649003076,400000.0
400000.0,100.0,10,3076.4203,3076.6000000000004,1.6794614047366694,400000.0
400000.0,150.0,10,4631.5131,4631.6945,1.7107774519207088,400000.0
400000.0,200.0,10,6164.8205,6164.85,1.090124052573851,400000.0
400000.0,250.0,10,7698.9211,7699.034,1.4473882996624505,400000.0
410000.0,50.0,10,1538.3189,1538.4595,0.3973911045808434,410000.0
410000.0,100.0,10,3062.6766,3062.6845000000003,0.2498068053516821,410000.0
410000.0,150.0,10,4612.1404,4612.0005,0.3730694841447674,410000.0
410000.0,200.0,10,6143.072099999999,6143.081,0.31758540583587747,410000.0
410000.0,250.0,10,7671.3976999999995,7671.411,0.3193102096708392,410000.0
420000.0,50.0,10,1531.4751,1531.42,0.2343431031628587,420000.0
420000.0,100.0,10,3053.2588,3053.2735000000002,0.6221525214928962,420000.0
420000.0,150.0,10,4594.9887,4594.789,0.6403569395267825,420000.0
420000.0,200.0,10,6117.8883000000005,6117.904,0.3322908515140808,420000.0
420000.0,250.0,10,7639.6113,7639.6025,0.24244589087062143,420000.0
430000.0,50.0,10,1525.8915000000002,1525.968,0.4082855005997948,430000.0
430000.0,100.0,10,3035.9915,3035.9534999999996,0.3726513786369621,430000.0
430000.0,150.0,10,4573.1877,4573.0795,0.3004416915143736,430000.0
430000.0,200.0,10,6088.7265,6088.655,0.32239300550724465,430000.0
430000.0,250.0,10,7605.6277,7605.715,0.346300462026886,430000.0
440000.0,50.0,10,1518.8178,1518.8955,0.4770425138287066,440000.0
440000.0,100.0,10,3028.0149,3028.0275,0.3938323120313899,440000.0
440000.0,150.0,10,4557.093800000001,4557.174999999999,0.39568340880066144,440000.0
440000.0,200.0,10,6066.826,6066.8185,0.37476152417224506,440000.0
440000.0,250.0,10,7577.429099999999,7577.3645,0.3904736738885316,440000.0
450000.0,50.0,10,1513.7381,1514.2925,2.393396768193685,450000.0
450000.0,100.0,10,3017.4046,3017.7870000000003,0.7028189240480527,450000.0
450000.0,150.0,10,4544.0409,4543.9835,0.4016661424615646,450000.0
450000.0,200.0,10,6049.849700000001,6050.2845,0.966195741038093,450000.0
450000.0,250.0,10,7558.0484,7558.076,0.35145076468828734,450000.0
460000.0,50.0,10,1514.3157,1514.3015,0.3292877313232131,460000.0
460000.0,100.0,10,3015.5612,3015.5344999999998,0.23040477425611797,460000.0
460000.0,150.0,10,4541.655000000001,4541.7435000000005,0.44003522586263216,460000.0
460000.0,200.0,10,6046.3175,6046.33,0.24433225329460892,460000.0
460000.0,250.0,10,7552.5581999999995,7552.52,0.4321457624458635,460000.0
470000.0,50.0,10,1517.0153,1516.997,0.3266505931419749,470000.0
470000.0,100.0,10,3021.5157,3021.55,0.2841165429889807,470000.0
470000.0,150.0,10,4551.7851,4551.824500000001,0.2515895268091156,470000.0
470000.0,200.0,10,6057.8816,6057.898,0.24505150479031396,470000.0
470000.0,250.0,10,7566.1625,7566.208500000001,0.3703029165427562,470000.0
480000.0,50.0,10,1521.5939,1521.5945000000002,0.29612647635764117,480000.0
480000.0,100.0,10,3029.7063000000003,3029.746,0.38156285196537,480000.0
480000.0,150.0,10,4563.3207999999995,4563.1939999999995,0.35506247337612074,480000.0
480000.0,200.0,10,6073.5454,6073.619000000001,0.3689808125093523,480000.0
480000.0,250.0,10,7586.4565,7586.507,0.30138621401788573,480000.0
490000.0,50.0,10,1519.6417,1519.7620000000002,0.3108041344641731,490000.0
490000.0,100.0,10,3031.6376,3031.684,0.35332738359773375,490000.0
490000.0,150.0,10,4560.8087,4560.758,0.2858247889878303,490000.0
490000.0,200.0,10,6073.3963,6073.451999999999,0.3615115627472855,490000.0
490000.0,250.0,10,7586.6239000000005,7586.6435,0.342812616453912,490000.0
500000.0,50.0,10,1501.6390999999999,1500.2035,7.74900537423997,500000.0
500000.0,100.0,10,2990.2068,2989.8424999999997,2.5347437661427925,500000.0
500000.0,150.0,10,4502.5798,4503.2555,4.423747366204492,500000.0
500000.0,200.0,10,5992.3575,5991.6175,4.32471592708702,500000.0
500000.0,250.0,10,7487.910000000001,7487.779500000001,2.3034730300136728,500000.0
